Departamento,Municipio,Codigo Municipio,Total Procesadas
AMAZONAS,EL ENCANTO (CD),91263,2
AMAZONAS,LA CHORRERA (CD),91405,4
AMAZONAS,LA PEDRERA (CD),91407,10
AMAZONAS,LETICIA,91001,34633
AMAZONAS,PUERTO ALEGRIA (CD),91530,3
AMAZONAS,PUERTO NARIÑO,91540,129
AMAZONAS,PUERTO SANTANDER (CD),91669,3
AMAZONAS,TARAPACA (CD),91798,1
ANTIOQUIA,* ANTIOQUIA. MUNICIPIO DESCONOCIDO,05000,251
ANTIOQUIA,ABEJORRAL,05002,1939
ANTIOQUIA,ABRIAQUI,05004,276
ANTIOQUIA,ALEJANDRIA,05021,593
ANTIOQUIA,AMAGA,05030,2571
ANTIOQUIA,AMALFI,05031,2094
ANTIOQUIA,ANDES,05034,1520
ANTIOQUIA,ANGELOPOLIS,05036,570
ANTIOQUIA,ANGOSTURA,05038,641
ANTIOQUIA,ANORI,05040,520
ANTIOQUIA,ANTIOQUIA,05042,5707
ANTIOQUIA,ANZA,05044,879
ANTIOQUIA,APARTADO,05045,35502
ANTIOQUIA,ARBOLETES,05051,2396
ANTIOQUIA,ARGELIA,05055,440
ANTIOQUIA,ARMENIA,05059,1474
ANTIOQUIA,BARBOSA,05079,4578
ANTIOQUIA,BELLO,05088,120508
ANTIOQUIA,BELMIRA,05086,526
ANTIOQUIA,BETANIA,05091,1247
ANTIOQUIA,BETULIA,05093,949
ANTIOQUIA,BOLIVAR,05101,6415
ANTIOQUIA,BRICENO,05107,543
ANTIOQUIA,BURITICA,05113,2541
ANTIOQUIA,CACERES,05120,1899
ANTIOQUIA,CAICEDO,05125,500
ANTIOQUIA,CALDAS,05129,27829
ANTIOQUIA,CAMPAMENTO,05134,790
ANTIOQUIA,CAÑASGORDAS,05138,1257
ANTIOQUIA,CARACOLI,05142,865
ANTIOQUIA,CARAMANTA,05145,517
ANTIOQUIA,CAREPA,05147,6928
ANTIOQUIA,CARMEN DE VIBORAL,05148,4737
ANTIOQUIA,CAROLINA,05150,1308
ANTIOQUIA,CAUCASIA,05154,12374
ANTIOQUIA,CHIGORODO,05172,6053
ANTIOQUIA,CISNEROS,05190,2122
ANTIOQUIA,COCORNA,05197,1294
ANTIOQUIA,CONCEPCION,05206,1036
ANTIOQUIA,CONCORDIA,05209,1096
ANTIOQUIA,COPACABANA,05212,11892
ANTIOQUIA,DABEIBA,05234,12430
ANTIOQUIA,DON MATIAS,05237,1827
ANTIOQUIA,EBEJICO,05240,572
ANTIOQUIA,EL BAGRE,05250,6374
ANTIOQUIA,ENTRERRIOS,05264,1895
ANTIOQUIA,ENVIGADO,05266,68248
ANTIOQUIA,FREDONIA,05282,1943
ANTIOQUIA,FRONTINO,05284,815
ANTIOQUIA,GIRALDO,05306,1388
ANTIOQUIA,GIRARDOTA,05308,6635
ANTIOQUIA,GOMEZ PLATA,05310,1240
ANTIOQUIA,GRANADA,05313,865
ANTIOQUIA,GUADALUPE,05315,434
ANTIOQUIA,GUARNE,05318,6496
ANTIOQUIA,GUATAPE,05321,1374
ANTIOQUIA,HELICONIA,05347,779
ANTIOQUIA,HISPANIA,05353,755
ANTIOQUIA,ITAGUI,05360,100795
ANTIOQUIA,ITUANGO,05361,8117
ANTIOQUIA,JARDIN,05364,1485
ANTIOQUIA,JERICO,05368,1500
ANTIOQUIA,LA CEJA,05376,8043
ANTIOQUIA,LA ESTRELLA,05380,10472
ANTIOQUIA,LA PINTADA,05390,887
ANTIOQUIA,LA UNION,05400,3241
ANTIOQUIA,LIBORINA,05411,1055
ANTIOQUIA,MACEO,05425,1365
ANTIOQUIA,MARINILLA,05440,13475
ANTIOQUIA,MEDELLIN,05001,1734465
ANTIOQUIA,MONTEBELLO,05467,359
ANTIOQUIA,MURINDO,05475,196
ANTIOQUIA,MUTATA,05480,1278
ANTIOQUIA,NARIÑO,05483,2342
ANTIOQUIA,NECHI,05495,1249
ANTIOQUIA,NECOCLI,05490,3675
ANTIOQUIA,OLAYA,05501,430
ANTIOQUIA,PEÑOL,05541,3572
ANTIOQUIA,PEQUE,05543,362
ANTIOQUIA,PUEBLORRICO,05576,218
ANTIOQUIA,PUERTO BERRIO,05579,6482
ANTIOQUIA,PUERTO NARE (LA MAGDALENA ),05585,772
ANTIOQUIA,PUERTO TRIUNFO,05591,5356
ANTIOQUIA,REMEDIOS,05604,1584
ANTIOQUIA,RETIRO,05607,2373
ANTIOQUIA,RIONEGRO,05615,122658
ANTIOQUIA,SABANALARGA,05628,989
ANTIOQUIA,SABANETA,05631,24981
ANTIOQUIA,SALGAR,05642,1657
ANTIOQUIA,SAN ANDRES,05647,1337
ANTIOQUIA,SAN CARLOS,05649,2326
ANTIOQUIA,SAN FRANCISCO,05652,754
ANTIOQUIA,SAN JERONIMO,05656,1625
ANTIOQUIA,SAN JOSE DE LA MONTANA,05658,484
ANTIOQUIA,SAN JUAN DE URABA,05659,378
ANTIOQUIA,SAN LUIS,05660,1433
ANTIOQUIA,SAN PEDRO,05664,2320
ANTIOQUIA,SAN PEDRO DE URABA,05665,716
ANTIOQUIA,SAN RAFAEL,05667,3182
ANTIOQUIA,SAN ROQUE,05670,2441
ANTIOQUIA,SAN VICENTE,05674,1111
ANTIOQUIA,SANTA BARBARA,05679,2354
ANTIOQUIA,SANTA ROSA DE OSOS,05686,3592
ANTIOQUIA,SANTO DOMINGO,05690,906
ANTIOQUIA,SANTUARIO,05697,2324
ANTIOQUIA,SEGOVIA,05736,1748
ANTIOQUIA,SONSON,05756,3506
ANTIOQUIA,SOPETRAN,05761,4626
ANTIOQUIA,TAMESIS,05789,2313
ANTIOQUIA,TARAZA,05790,1737
ANTIOQUIA,TARSO,05792,826
ANTIOQUIA,TITIRIBI,05809,871
ANTIOQUIA,TOLEDO,05819,711
ANTIOQUIA,TURBO,05837,9792
ANTIOQUIA,URAMITA,05842,481
ANTIOQUIA,URRAO,05847,3713
ANTIOQUIA,VALDIVIA,05854,863
ANTIOQUIA,VALPARAISO,05856,707
ANTIOQUIA,VEGACHI,05858,1661
ANTIOQUIA,VENECIA,05861,1025
ANTIOQUIA,VIGIA DEL FUERTE,05873,475
ANTIOQUIA,YALI,05885,399
ANTIOQUIA,YARUMAL,05887,5371
ANTIOQUIA,YOLOMBO,05890,979
ANTIOQUIA,YONDO (CASABE),05893,1264
ANTIOQUIA,ZARAGOZA,05895,2407
ARAUCA,ARAUCA,81001,29989
ARAUCA,ARAUQUITA,81065,1995
ARAUCA,CRAVO NORTE,81220,354
ARAUCA,FORTUL,81300,1031
ARAUCA,PUERTO RONDON,81591,153
ARAUCA,SARAVENA,81736,5959
ARAUCA,TAME,81794,2399
ATLANTICO,* ATLANTICO. MUNICIPIO DESCONOCIDO,08000,9
ATLANTICO,BARANOA,08078,54426
ATLANTICO,BARRANQUILLA,08001,1434402
ATLANTICO,CAMPO DE LA CRUZ,08137,14020
ATLANTICO,CANDELARIA,08141,6976
ATLANTICO,GALAPA,08296,44297
ATLANTICO,JUAN DE ACOSTA,08372,7769
ATLANTICO,LURUACO,08421,12566
ATLANTICO,MALAMBO,08433,51427
ATLANTICO,MANATI,08436,9733
ATLANTICO,PALMAR DE VARELA,08520,25794
ATLANTICO,PIOJO,08549,2306
ATLANTICO,POLO NUEVO,08558,16594
ATLANTICO,PONEDERA,08560,13625
ATLANTICO,PUERTO COLOMBIA,08573,25713
ATLANTICO,REPELON,08606,7486
ATLANTICO,SABANAGRANDE,08634,14978
ATLANTICO,SABANALARGA,08638,74483
ATLANTICO,SANTA LUCIA,08675,6036
ATLANTICO,SANTO TOMAS,08685,26135
ATLANTICO,SOLEDAD,08758,182877
ATLANTICO,SUAN,08770,4354
ATLANTICO,TUBARA,08832,10773
ATLANTICO,USIACURI,08849,3959
BOGOTA DC,BOGOTA DC,11000,196
BOGOTA DC,BOGOTA DC,11001,7695117
BOGOTA DC,BOGOTA-ANTONIO NARIÑO-CIUDAD JARDIN,11135,1
BOGOTA DC,BOGOTA-ANTONIO NARIÑO-RESTREPO,11138,3
BOGOTA DC,BOGOTA-BARRIOS UNIDOS-DOCE DE OCTUBRE,11122,2
BOGOTA DC,BOGOTA-BARRIOS UNIDOS-LOS ANDES,11121,2
BOGOTA DC,BOGOTA-BOSA-APOGEO,11149,1
BOGOTA DC,BOGOTA-BOSA-BOSA CENTRAL,11185,2
BOGOTA DC,BOGOTA-CHAPINERO-CHAPINERO,11199,1
BOGOTA DC,BOGOTA-CHAPINERO-CHICO LAGO,11197,1
BOGOTA DC,BOGOTA-CHAPINERO-EL REFUGIO,11188,2
BOGOTA DC,BOGOTA-CHAPINERO-PARDO RUBIO,11190,1
BOGOTA DC,BOGOTA-CHAPINERO-SAN ISIDRIO PATIOS,11189,2
BOGOTA DC,BOGOTA-ENGATIVA-ALAMOS,11216,1
BOGOTA DC,BOGOTA-ENGATIVA-BOLIVIA,11172,5
BOGOTA DC,BOGOTA-ENGATIVA-BOYACA REAL,11130,1
BOGOTA DC,BOGOTA-ENGATIVA-EL MINUTO DE DIOS,11129,6
BOGOTA DC,BOGOTA-ENGATIVA-ENGATIVA,11174,2
BOGOTA DC,BOGOTA-ENGATIVA-GARCES NAVAS,11173,3
BOGOTA DC,BOGOTA-ENGATIVA-LAS FERIAS,11126,6
BOGOTA DC,BOGOTA-FONTIBON-CAPELLANIA,11215,1
BOGOTA DC,BOGOTA-FONTIBON-FONTIBON,11175,49
BOGOTA DC,BOGOTA-FONTIBON-FONTIBON SAN PABLO,11176,2
BOGOTA DC,BOGOTA-FONTIBON-GRANJAS DE TECHO,11212,6
BOGOTA DC,BOGOTA-FONTIBON-MODELIA,11214,2
BOGOTA DC,BOGOTA-KENNEDY-CALANDAIMA,11179,1
BOGOTA DC,BOGOTA-KENNEDY-CASTILLA,11146,1
BOGOTA DC,BOGOTA-KENNEDY-TIMIZA,11148,1
BOGOTA DC,BOGOTA-KENNEDY-TINTAL NORTE,11178,30
BOGOTA DC,BOGOTA-PUENTE ARANDA-MUZU,11141,1
BOGOTA DC,BOGOTA-PUENTE ARANDA-SAN RAFAEL,11143,1
BOGOTA DC,BOGOTA-PUENTE ARANDA-ZONA INDUSTRIAL,11208,1
BOGOTA DC,BOGOTA-RAFAEL URIBE-DIANA TURBAY,11155,1
BOGOTA DC,BOGOTA-RAFAEL URIBE-QUIROGA,11139,1
BOGOTA DC,BOGOTA-SAN CRISTOBAL-SAN BLAS,11132,1
BOGOTA DC,BOGOTA-SANTA FE-SAGRADO CORAZON,11191,2
BOGOTA DC,BOGOTA-SUBA-BRITALIA,11118,4
BOGOTA DC,BOGOTA-SUBA-CASA BLANCA SUBA,11123,3
BOGOTA DC,BOGOTA-SUBA-EL PRADO,11119,8
BOGOTA DC,BOGOTA-SUBA-EL RINCON,11128,1
BOGOTA DC,BOGOTA-SUBA-LA ALAMBRA,11120,3
BOGOTA DC,BOGOTA-SUBA-LA FLORESTA,11125,1
BOGOTA DC,BOGOTA-SUBA-NIZA,11124,1
BOGOTA DC,BOGOTA-SUBA-SAN JOSE DE BAVARIA,11117,3
BOGOTA DC,BOGOTA-SUBA-SUBA,11127,6
BOGOTA DC,BOGOTA-SUBA-TIBABUYES,11171,3
BOGOTA DC,BOGOTA-SUMAPAZ-SANTA ROSITA BAJA (VEREDA,11417,2
BOGOTA DC,BOGOTA-TEUSAQUILLO-GALERIAS,11200,3
BOGOTA DC,BOGOTA-TEUSAQUILLO-LA ESMERALDA,11206,4
BOGOTA DC,BOGOTA-TEUSAQUILLO-QUINTA PAREDES,11207,2
BOGOTA DC,BOGOTA-TUNJUELITO-TUNJUELITO,11162,9
BOGOTA DC,BOGOTA-USAQUEN-COUNTRY CLUB,11115,2
BOGOTA DC,BOGOTA-USAQUEN-LA URIBE,11110,2
BOGOTA DC,BOGOTA-USAQUEN-LOS CEDROS,11113,6
BOGOTA DC,BOGOTA-USAQUEN-PASEO LOS LIBERTADORES,11101,6
BOGOTA DC,BOGOTA-USAQUEN-SANTA BARBARA,11116,2
BOGOTA DC,BOGOTA-USAQUEN-TOBERIN,11112,2
BOGOTA DC,BOGOTA-USAQUEN-USAQUEN,11114,5
BOGOTA DC,BOGOTA-USAQUEN-VERBENAL,11109,5
BOLIVAR,* BOLIVAR. MUNICIPIO DESCONOCIDO,13000,3
BOLIVAR,ACHI,13006,745
BOLIVAR,ALTOS DEL ROSARIO,13030,61
BOLIVAR,ARENAL,13042,447
BOLIVAR,ARJONA,13052,16604
BOLIVAR,ARROYOHONDO,13062,1318
BOLIVAR,BARRANCO DE LOBA,13074,688
BOLIVAR,CALAMAR,13140,3513
BOLIVAR,CANTAGALLO,13160,620
BOLIVAR,CARTAGENA,13001,670508
BOLIVAR,CICUCO,13188,4260
BOLIVAR,CLEMENCIA,13222,1602
BOLIVAR,CORDOBA,13212,3051
BOLIVAR,EL CARMEN DE BOLIVAR,13244,23435
BOLIVAR,EL GUAMO,13248,2023
BOLIVAR,EL PEÑON,13268,106
BOLIVAR,HATILLO DE LOBA,13300,310
BOLIVAR,MAGANGUE,13430,46971
BOLIVAR,MAHATES,13433,6048
BOLIVAR,MARGARITA,13440,1408
BOLIVAR,MARIA LA BAJA,13442,14112
BOLIVAR,MOMPOS,13468,6380
BOLIVAR,MONTECRISTO,13458,146
BOLIVAR,MORALES,13473,488
BOLIVAR,NOROSÌ,13490,35
BOLIVAR,PINILLOS,13549,3436
BOLIVAR,REGIDOR,13580,97
BOLIVAR,RIO VIEJO,13600,35
BOLIVAR,SAN CRISTOBAL,13620,1678
BOLIVAR,SAN ESTANISLAO,13647,1626
BOLIVAR,SAN FERNANDO,13650,931
BOLIVAR,SAN JACINTO,13654,10212
BOLIVAR,SAN JACINTO DEL CAUCA,13655,142
BOLIVAR,SAN JUAN NEPOMUCENO,13657,21006
BOLIVAR,SAN MARTIN DE LOBA,13667,650
BOLIVAR,SAN PABLO,13670,178
BOLIVAR,SANTA CATALINA,13673,1267
BOLIVAR,SANTA ROSA,13683,4379
BOLIVAR,SANTA ROSA DEL SUR,13688,168
BOLIVAR,SIMITI,13744,99
BOLIVAR,SOPLAVIENTO,13760,1544
BOLIVAR,TALAIGUA NUEVO,13780,2310
BOLIVAR,TIQUISIO (PUERTO RICO),13810,379
BOLIVAR,TURBACO,13836,18197
BOLIVAR,TURBANA,13838,3986
BOLIVAR,VILLANUEVA,13873,3462
BOLIVAR,ZAMBRANO,13894,2149
BOYACA,* BOYACA. MUNICIPIO DESCONOCIDO,15000,11
BOYACA,ALMEIDA,15022,184
BOYACA,AQUITANIA,15047,486
BOYACA,ARCABUCO,15051,529
BOYACA,BELEN,15087,386
BOYACA,BERBEO,15090,140
BOYACA,BETEITIVA,15092,70
BOYACA,BOAVITA,15097,844
BOYACA,BOYACA,15104,751
BOYACA,BRICENO,15106,144
BOYACA,BUENAVISTA,15109,357
BOYACA,BUSBANZA,15114,46
BOYACA,CALDAS,15131,162
BOYACA,CAMPOHERMOSO,15135,155
BOYACA,CERINZA,15162,210
BOYACA,CHINAVITA,15172,417
BOYACA,CHIQUINQUIRA,15176,19595
BOYACA,CHIQUIZA,15232,85
BOYACA,CHISCAS,15180,113
BOYACA,CHITA,15183,421
BOYACA,CHITARAQUE,15185,153
BOYACA,CHIVATA,15187,108
BOYACA,CHIVOR,15236,94
BOYACA,CIENEGA,15189,337
BOYACA,COMBITA,15204,6597
BOYACA,COPER,15212,79
BOYACA,CORRALES,15215,57
BOYACA,COVARACHIA,15218,302
BOYACA,CUBARA,15223,186
BOYACA,CUCAITA,15224,192
BOYACA,CUITIVA,15226,60
BOYACA,DUITAMA,15238,38158
BOYACA,EL COCUY,15244,265
BOYACA,EL ESPINO,15248,91
BOYACA,FIRAVITOBA,15272,324
BOYACA,FLORESTA,15276,144
BOYACA,GACHANTIVA,15293,454
BOYACA,GAMEZA,15296,136
BOYACA,GARAGOA,15299,4866
BOYACA,GUACAMAYAS,15317,23
BOYACA,GUATEQUE,15322,2315
BOYACA,GUAYATA,15325,539
BOYACA,GUICAN,15332,318
BOYACA,IZA,15362,153
BOYACA,JENESANO,15367,640
BOYACA,JERICO,15368,76
BOYACA,LA CAPILLA,15380,418
BOYACA,LA UVITA,15403,358
BOYACA,LA VICTORIA,15401,105
BOYACA,LABRANZAGRANDE,15377,11
BOYACA,MACANAL,15425,662
BOYACA,MARIPI,15442,247
BOYACA,MIRAFLORES,15455,1362
BOYACA,MONGUA,15464,143
BOYACA,MONGUI,15466,357
BOYACA,MONIQUIRA,15469,5058
BOYACA,MOTAVITA,15476,455
BOYACA,MUZO,15480,598
BOYACA,NOBSA,15491,1294
BOYACA,NUEVO COLON,15494,173
BOYACA,OICATA,15500,607
BOYACA,OTANCHE,15507,448
BOYACA,PACHAVITA,15511,322
BOYACA,PAEZ,15514,365
BOYACA,PAIPA,15516,3608
BOYACA,PAJARITO,15518,61
BOYACA,PANQUEBA,15522,176
BOYACA,PAUNA,15531,133
BOYACA,PAYA,15533,99
BOYACA,PAZ DE RIO,15537,101
BOYACA,PESCA,15542,451
BOYACA,PISBA,15550,165
BOYACA,PUERTO BOYACA,15572,7246
BOYACA,QUIPAMA,15580,239
BOYACA,RAMIRIQUI,15599,1484
BOYACA,RAQUIRA,15600,276
BOYACA,RONDON,15621,62
BOYACA,SABOYA,15632,362
BOYACA,SACHICA,15638,385
BOYACA,SAMACA,15646,2753
BOYACA,SAN EDUARDO,15660,150
BOYACA,SAN JOSE DE PARE,15664,320
BOYACA,SAN LUIS DE GACENO,15667,293
BOYACA,SAN MATEO,15673,202
BOYACA,SAN MIGUEL DE SEMA,15676,294
BOYACA,SAN PABLO DE BORBUR,15681,289
BOYACA,SANTA MARIA,15690,1118
BOYACA,SANTA ROSA DE VITERBO,15693,1101
BOYACA,SANTA SOFIA,15696,131
BOYACA,SANTANA,15686,412
BOYACA,SATIVANORTE,15720,332
BOYACA,SATIVASUR,15723,54
BOYACA,SIACHOQUE,15740,278
BOYACA,SOATA,15753,2635
BOYACA,SOCHA,15757,591
BOYACA,SOCOTA,15755,468
BOYACA,SOGAMOSO,15759,40037
BOYACA,SOMONDOCO,15761,495
BOYACA,SORA,15762,75
BOYACA,SORACA,15764,265
BOYACA,SOTAQUIRA,15763,409
BOYACA,SUSACON,15774,206
BOYACA,SUTAMARCHAN,15776,480
BOYACA,SUTATENZA,15778,126
BOYACA,TASCO,15790,132
BOYACA,TENZA,15798,543
BOYACA,TIBANA,15804,391
BOYACA,TIBASOSA,15806,676
BOYACA,TINJACA,15808,141
BOYACA,TIPACOQUE,15810,328
BOYACA,TOCA,15814,932
BOYACA,TOGUI,15816,224
BOYACA,TOPAGA,15820,80
BOYACA,TOTA,15822,209
BOYACA,TUNJA,15001,140432
BOYACA,TUNUNGUA,15832,99
BOYACA,TURMEQUE,15835,685
BOYACA,TUTA,15837,851
BOYACA,TUTAZA,15839,103
BOYACA,UMBITA,15842,253
BOYACA,VENTAQUEMADA,15861,613
BOYACA,VILLA DE LEYVA,15407,5813
BOYACA,VIRACACHA,15879,260
BOYACA,ZETAQUIRA,15897,295
CALDAS,AGUADAS,17013,999
CALDAS,ANSERMA,17042,2693
CALDAS,ARANZAZU,17050,740
CALDAS,BELALCAZAR,17088,607
CALDAS,CHINCHINA,17174,7968
CALDAS,FILADELFIA,17272,1481
CALDAS,LA DORADA,17380,19733
CALDAS,LA MERCED,17388,460
CALDAS,MANIZALES,17001,251387
CALDAS,MANZANARES,17433,2204
CALDAS,MARMATO,17442,1401
CALDAS,MARQUETALIA,17444,1012
CALDAS,MARULANDA,17446,385
CALDAS,NEIRA,17486,1441
CALDAS,NORCASIA,17495,463
CALDAS,PACORA,17513,1571
CALDAS,PALESTINA,17524,550
CALDAS,PENSILVANIA,17541,1457
CALDAS,RIOSUCIO,17614,2200
CALDAS,RISARALDA,17616,621
CALDAS,SALAMINA,17653,1084
CALDAS,SAMANA,17662,512
CALDAS,SAN JOSE,17665,402
CALDAS,SUPIA,17777,2042
CALDAS,VICTORIA,17867,391
CALDAS,VILLAMARIA,17873,13042
CALDAS,VITERBO,17877,1176
CAQUETA,* CAQUETA. MUNICIPIO DESCONOCIDO,18000,2
CAQUETA,ALBANIA,18029,216
CAQUETA,BELEN DE LOS ANDAQUIES,18094,245
CAQUETA,CARTAGENA DEL CHAIRA,18150,352
CAQUETA,CURILLO,18205,155
CAQUETA,EL DONCELLO,18247,575
CAQUETA,EL PAUJIL,18256,328
CAQUETA,FLORENCIA,18001,51797
CAQUETA,LA MONTANITA,18410,63
CAQUETA,MILAN,18460,27
CAQUETA,MORELIA,18479,30
CAQUETA,PUERTO RICO,18592,425
CAQUETA,SAN JOSE DEL FRAGUA,18610,229
CAQUETA,SAN VICENTE DEL CAGUAN,18753,807
CAQUETA,SOLANO,18756,38
CAQUETA,SOLITA,18785,15
CAQUETA,VALPARAISO,18860,23
CASANARE,AGUAZUL,85010,3127
CASANARE,CHAMEZA,85015,45
CASANARE,HATO COROZAL,85125,63
CASANARE,LA SALINA,85136,37
CASANARE,MANI,85139,656
CASANARE,MONTERREY,85162,730
CASANARE,NUNCHIA,85225,235
CASANARE,OROCUE,85230,179
CASANARE,PAZ DE ARIPORO,85250,586
CASANARE,PORE,85263,154
CASANARE,RECETOR,85279,45
CASANARE,SABANALARGA,85300,143
CASANARE,SACAMA,85315,11
CASANARE,SAN LUIS DE PALENQUE,85325,274
CASANARE,TAMARA,85400,56
CASANARE,TAURAMENA,85410,2345
CASANARE,TRINIDAD,85430,263
CASANARE,VILLANUEVA,85440,3658
CASANARE,YOPAL,85001,65169
CAUCA,ALMAGUER,19022,27
CAUCA,ARGELIA,19050,221
CAUCA,BALBOA,19075,186
CAUCA,BOLIVAR,19100,1079
CAUCA,BUENOS AIRES,19110,140
CAUCA,CAJIBIO,19130,263
CAUCA,CALDONO,19137,247
CAUCA,CALOTO,19142,347
CAUCA,CORINTO,19212,79
CAUCA,EL TAMBO,19256,280
CAUCA,FLORENCIA,19290,127
CAUCA,GUACHENE,19300,208
CAUCA,GUAPI,19318,286
CAUCA,INZA,19355,142
CAUCA,JAMBALO,19364,57
CAUCA,LA SIERRA,19392,102
CAUCA,LA VEGA,19397,613
CAUCA,LOPEZ (MICAY),19418,10
CAUCA,MERCADERES,19450,341
CAUCA,MIRANDA,19455,475
CAUCA,MORALES,19473,141
CAUCA,PADILLA,19513,39
CAUCA,PAEZ,19517,89
CAUCA,PATIA (EL BORDO),19532,640
CAUCA,PIAMONTE,19533,73
CAUCA,PIENDAMO,19548,1150
CAUCA,POPAYAN,19001,167455
CAUCA,PUERTO TEJADA,19573,2331
CAUCA,PURACE,19585,178
CAUCA,ROSAS,19622,95
CAUCA,SAN SEBASTIAN,19693,74
CAUCA,SANTA ROSA,19701,9
CAUCA,SANTANDER DE QUILICHAO,19698,7793
CAUCA,SILVIA,19743,665
CAUCA,SOTARA,19760,91
CAUCA,SUAREZ,19780,93
CAUCA,SUCRE,19785,690
CAUCA,TIMBIO,19807,538
CAUCA,TIMBIQUI,19809,62
CAUCA,TORIBIO,19821,89
CAUCA,TOTORO,19824,390
CAUCA,VILLARICA,19845,219
CESAR,* CESAR. MUNICIPIO DESCONOCIDO,20000,15
CESAR,AGUACHICA,20011,10432
CESAR,AGUSTIN CODAZZI,20013,14499
CESAR,ASTREA,20032,1312
CESAR,BECERRIL,20045,2492
CESAR,BOSCONIA,20060,5911
CESAR,CHIMICHAGUA,20175,2127
CESAR,CHIRIGUANA,20178,3723
CESAR,CURUMANI,20228,4568
CESAR,EL COPEY,20238,4069
CESAR,EL PASO,20250,6789
CESAR,GAMARRA,20295,803
CESAR,GONZALEZ,20310,584
CESAR,LA GLORIA,20383,1102
CESAR,LA JAGUA DE IBIRICO,20400,6467
CESAR,MANAURE BALCON DEL CESAR,20443,1027
CESAR,PAILITAS,20517,2086
CESAR,PELAYA,20550,1486
CESAR,PUEBLO BELLO,20570,707
CESAR,RIO DE ORO,20614,771
CESAR,ROBLES (LA PAZ),20621,5788
CESAR,SAN ALBERTO,20710,1949
CESAR,SAN DIEGO,20750,3760
CESAR,SAN MARTIN,20770,1523
CESAR,TAMALAMEQUE,20787,405
CESAR,VALLEDUPAR,20001,341677
CHOCO,ACANDI,27006,160
CHOCO,ALTO BAUDO (PIE DE PATO),27025,7
CHOCO,ATRATO,27050,28
CHOCO,BAGADO,27073,117
CHOCO,BAHIA SOLANO (MUTIS),27075,59
CHOCO,BAJO BAUDO (PIZARRO),27077,47
CHOCO,BELÉN DE BAJIRA,27086,1
CHOCO,BOJAYA (BELLAVISTA),27099,40
CHOCO,CARMEN DEL DARIEN,27150,46
CHOCO,CERTEGUI,27160,2
CHOCO,CONDOTO,27205,19
CHOCO,EL CARMEN DE ATRATO,27245,906
CHOCO,ITSMINA,27361,329
CHOCO,LLORO,27413,8
CHOCO,MEDIO ATRATO,27425,3
CHOCO,MEDIO BAUDO (BOCA DE PEPE),27430,7
CHOCO,MEDIO SAN JUAN,27450,105
CHOCO,NOVITA,27491,2
CHOCO,NUQUI,27495,109
CHOCO,QUIBDO,27001,48027
CHOCO,RIO IRO,27580,4
CHOCO,RIOQUITO,27600,6
CHOCO,RIOSUCIO,27615,268
CHOCO,SAN JOSE DEL PALMAR,27660,1
CHOCO,SIPI,27745,4
CHOCO,TADO,27787,15
CHOCO,UNGUIA,27800,11
CHOCO,UNION PANAMERICANA,27810,236
CORDOBA,* CORDOBA. MUNICIPIO DESCONOCIDO,23000,4
CORDOBA,AYAPEL,23068,2317
CORDOBA,BUENAVISTA,23079,2227
CORDOBA,CANALETE,23090,7700
CORDOBA,CERETE,23162,35062
CORDOBA,CHIMA,23168,2706
CORDOBA,CHINU,23182,15607
CORDOBA,CIENAGA DE ORO,23189,20993
CORDOBA,COTORRA,23300,8754
CORDOBA,LA APARTADA,23350,1714
CORDOBA,LORICA,23417,37068
CORDOBA,LOS CORDOBAS,23419,1422
CORDOBA,MOMIL,23464,3172
CORDOBA,MOÑITOS,23500,6821
CORDOBA,MONTELIBANO,23466,9232
CORDOBA,MONTERIA,23001,437191
CORDOBA,PLANETA RICA,23555,29284
CORDOBA,PUEBLO NUEVO,23570,17295
CORDOBA,PUERTO ESCONDIDO,23574,5059
CORDOBA,PUERTO LIBERTADOR,23580,3479
CORDOBA,PURISIMA,23586,2953
CORDOBA,SAHAGUN,23660,21110
CORDOBA,SAN ANDRES SOTAVENTO,23670,12448
CORDOBA,SAN ANTERO,23672,6261
CORDOBA,SAN BERNARDO DEL VIENTO,23675,6791
CORDOBA,SAN CARLOS,23678,1790
CORDOBA,SAN JOSE DE URE,23682,1473
CORDOBA,SAN PELAYO,23686,9275
CORDOBA,TIERRALTA,23807,8076
CORDOBA,TUCHIN,23815,20344
CORDOBA,VALENCIA,23855,2577
CUNDINAMARCA,* CUNDINAMARCA. MUNICIPIO DESCONOCIDO,25000,58
CUNDINAMARCA,AGUA DE DIOS,25001,3207
CUNDINAMARCA,ALBAN,25019,496
CUNDINAMARCA,ANAPOIMA,25035,5726
CUNDINAMARCA,ANOLAIMA,25040,1500
CUNDINAMARCA,ARBELAEZ,25053,2570
CUNDINAMARCA,BELTRAN,25086,221
CUNDINAMARCA,BITUIMA,25095,151
CUNDINAMARCA,BOJACA,25099,2017
CUNDINAMARCA,CABRERA,25120,391
CUNDINAMARCA,CACHIPAY,25123,3537
CUNDINAMARCA,CAJICA,25126,44426
CUNDINAMARCA,CAPARRAPI,25148,1529
CUNDINAMARCA,CAQUEZA,25151,2286
CUNDINAMARCA,CARMEN DE CARUPA,25154,535
CUNDINAMARCA,CHAGUANI,25168,379
CUNDINAMARCA,CHIA,25175,88456
CUNDINAMARCA,CHIPAQUE,25178,734
CUNDINAMARCA,CHOACHI,25181,1747
CUNDINAMARCA,CHOCONTA,25183,2950
CUNDINAMARCA,COGUA,25200,3904
CUNDINAMARCA,COTA,25214,12377
CUNDINAMARCA,CUCUNUBA,25224,514
CUNDINAMARCA,EL COLEGIO,25245,5454
CUNDINAMARCA,EL PEÑON,25258,16
CUNDINAMARCA,EL ROSAL,25260,3605
CUNDINAMARCA,FACATATIVA,25269,38817
CUNDINAMARCA,FOMEQUE,25279,1344
CUNDINAMARCA,FOSCA,25281,470
CUNDINAMARCA,FUNZA,25286,36147
CUNDINAMARCA,FUQUENE,25288,202
CUNDINAMARCA,FUSAGASUGA,25290,54695
CUNDINAMARCA,GACHALA,25293,983
CUNDINAMARCA,GACHANCIPA,25295,4255
CUNDINAMARCA,GACHETA,25297,805
CUNDINAMARCA,GAMA,25299,179
CUNDINAMARCA,GIRARDOT,25307,76206
CUNDINAMARCA,GRANADA,25312,1992
CUNDINAMARCA,GUACHETA,25317,679
CUNDINAMARCA,GUADUAS,25320,4694
CUNDINAMARCA,GUASCA,25322,2577
CUNDINAMARCA,GUATAQUI,25324,383
CUNDINAMARCA,GUATAVITA,25326,860
CUNDINAMARCA,GUAYABAL DE SIQUIMA,25328,260
CUNDINAMARCA,GUAYABETAL,25335,303
CUNDINAMARCA,GUTIERREZ,25339,103
CUNDINAMARCA,JERUSALEN,25368,332
CUNDINAMARCA,JUNIN,25372,317
CUNDINAMARCA,LA CALERA,25377,7835
CUNDINAMARCA,LA MESA,25386,20999
CUNDINAMARCA,LA PALMA,25394,325
CUNDINAMARCA,LA PEÑA,25398,114
CUNDINAMARCA,LA VEGA,25402,1999
CUNDINAMARCA,LENGUAZAQUE,25407,320
CUNDINAMARCA,MACHETA,25426,594
CUNDINAMARCA,MADRID,25430,33970
CUNDINAMARCA,MANTA,25436,459
CUNDINAMARCA,MEDINA,25438,698
CUNDINAMARCA,MOSQUERA,25473,32729
CUNDINAMARCA,NARIÑO,25483,658
CUNDINAMARCA,NEMOCON,25486,1623
CUNDINAMARCA,NILO,25488,9783
CUNDINAMARCA,NIMAIMA,25489,186
CUNDINAMARCA,NOCAIMA,25491,676
CUNDINAMARCA,OSPINA PEREZ (VENECIA),25506,804
CUNDINAMARCA,PACHO,25513,4435
CUNDINAMARCA,PAIME,25518,192
CUNDINAMARCA,PANDI,25524,337
CUNDINAMARCA,PARATEBUENO,25530,109
CUNDINAMARCA,PASCA,25535,655
CUNDINAMARCA,PUERTO SALGAR,25572,1666
CUNDINAMARCA,PULI,25580,74
CUNDINAMARCA,QUEBRADANEGRA,25592,153
CUNDINAMARCA,QUETAME,25594,122
CUNDINAMARCA,QUIPILE,25596,484
CUNDINAMARCA,RAFAEL REYES (APULO),25599,2159
CUNDINAMARCA,RICAURTE,25612,2957
CUNDINAMARCA,SAN ANTONIO DE TEQUENDAMA,25645,1186
CUNDINAMARCA,SAN BERNARDO,25649,413
CUNDINAMARCA,SAN CAYETANO,25653,203
CUNDINAMARCA,SAN FRANCISCO,25658,1009
CUNDINAMARCA,SAN JUAN DE RIO SECO,25662,605
CUNDINAMARCA,SASAIMA,25718,1531
CUNDINAMARCA,SESQUILE,25736,2795
CUNDINAMARCA,SIBATE,25740,10382
CUNDINAMARCA,SILVANIA,25743,4234
CUNDINAMARCA,SIMIJACA,25745,1130
CUNDINAMARCA,SOACHA,25754,155970
CUNDINAMARCA,SOPO,25758,9012
CUNDINAMARCA,SUBACHOQUE,25769,2090
CUNDINAMARCA,SUESCA,25772,4392
CUNDINAMARCA,SUPATA,25777,258
CUNDINAMARCA,SUSA,25779,240
CUNDINAMARCA,SUTATAUSA,25781,644
CUNDINAMARCA,TABIO,25785,4288
CUNDINAMARCA,TAUSA,25793,604
CUNDINAMARCA,TENA,25797,1320
CUNDINAMARCA,TENJO,25799,5548
CUNDINAMARCA,TIBACUY,25805,302
CUNDINAMARCA,TIBIRITA,25807,283
CUNDINAMARCA,TOCAIMA,25815,1414
CUNDINAMARCA,TOCANCIPA,25817,17393
CUNDINAMARCA,TOPAIPI,25823,123
CUNDINAMARCA,UBALA,25839,2423
CUNDINAMARCA,UBAQUE,25841,1168
CUNDINAMARCA,UBATE,25843,7385
CUNDINAMARCA,UNE,25845,371
CUNDINAMARCA,UTICA,25851,270
CUNDINAMARCA,VERGARA,25862,748
CUNDINAMARCA,VIANI,25867,169
CUNDINAMARCA,VILLAGOMEZ,25871,77
CUNDINAMARCA,VILLAPINZON,25873,1826
CUNDINAMARCA,VILLETA,25875,4900
CUNDINAMARCA,VIOTA,25878,841
CUNDINAMARCA,YACOPI,25885,288
CUNDINAMARCA,ZIPACON,25898,753
CUNDINAMARCA,ZIPAQUIRA,25899,64984
GUAINIA,BARRANCO MINAS (CD),94343,10
GUAINIA,LA GUADALUPE (CD),94885,2
GUAINIA,MORICHAL (MORICHAL NUEVO) (CD),94888,1
GUAINIA,PUERTO COLOMBIA (CD),94884,25
GUAINIA,PUERTO INIRIDA,94001,8832
GUAINIA,SAN FELIPE (CD),94883,3
GUAJIRA,* LA GUAJIRA SIN MUNICIPIO,44000,1
GUAJIRA,ALBANIA,44035,19401
GUAJIRA,BARRANCAS,44078,5544
GUAJIRA,DIBULLA,44090,1500
GUAJIRA,DISTRACCION,44098,1421
GUAJIRA,EL MOLINO,44110,859
GUAJIRA,FONSECA,44279,6639
GUAJIRA,HATONUEVO,44378,2002
GUAJIRA,LA JAGUA DEL PILAR,44420,983
GUAJIRA,MAICAO,44430,28706
GUAJIRA,MANAURE,44560,1036
GUAJIRA,RIOHACHA,44001,73215
GUAJIRA,SAN JUAN DEL CESAR,44650,7956
GUAJIRA,URIBIA,44847,5669
GUAJIRA,URUMITA,44855,1687
GUAJIRA,VILLANUEVA,44874,3378
GUAVIARE,CALAMAR,95015,171
GUAVIARE,EL RETORNO,95025,316
GUAVIARE,MIRAFLORES,95200,83
GUAVIARE,SAN JOSE DEL GUAVIARE,95001,13579
HUILA,* HUILA. MUNICIPIO DESCONOCIDO,41000,5
HUILA,ACEVEDO,41006,1398
HUILA,AGRADO,41013,2500
HUILA,AIPE,41016,2027
HUILA,ALGECIRAS,41020,3537
HUILA,ALTAMIRA,41026,421
HUILA,BARAYA,41078,926
HUILA,CAMPOALEGRE,41132,5527
HUILA,COLOMBIA,41206,1316
HUILA,ELIAS,41244,437
HUILA,GARZON,41298,16931
HUILA,GIGANTE,41306,3536
HUILA,GUADALUPE,41319,2508
HUILA,HOBO,41349,909
HUILA,IQUIRA,41357,577
HUILA,ISNOS (SAN JOSE DE ISNOS),41359,1887
HUILA,LA ARGENTINA,41378,1575
HUILA,LA PLATA,41396,4879
HUILA,NATAGA,41483,624
HUILA,NEIVA,41001,203499
HUILA,OPORAPA,41503,1114
HUILA,PAICOL,41518,905
HUILA,PALERMO,41524,4364
HUILA,PALESTINA,41530,628
HUILA,PITAL,41548,1283
HUILA,PITALITO,41551,27369
HUILA,RIVERA,41615,4558
HUILA,SALADOBLANCO,41660,875
HUILA,SAN AGUSTIN,41668,5722
HUILA,SANTA MARIA,41676,638
HUILA,SUAZA,41770,1791
HUILA,TARQUI,41791,2528
HUILA,TELLO,41799,933
HUILA,TERUEL,41801,1458
HUILA,TESALIA,41797,1824
HUILA,TIMANA,41807,2057
HUILA,VILLAVIEJA,41872,942
HUILA,YAGUARA,41885,1708
MAGDALENA,* MAGDALENA. MUNICIPIO DESCONOCIDO,47000,400
MAGDALENA,ALGARROBO,47030,5020
MAGDALENA,ARACATACA,47053,3864
MAGDALENA,ARIGUANI (EL DIFICIL),47058,3648
MAGDALENA,CERRO SAN ANTONIO,47161,4063
MAGDALENA,CHIVOLO,47170,1135
MAGDALENA,CIENAGA,47189,24315
MAGDALENA,CONCORDIA,47205,1770
MAGDALENA,EL BANCO,47245,7956
MAGDALENA,EL PIÑON,47258,2999
MAGDALENA,EL RETEN,47268,4129
MAGDALENA,FUNDACION,47288,11108
MAGDALENA,GUAMAL,47318,3854
MAGDALENA,NUEVA GRANADA,47460,1923
MAGDALENA,PEDRAZA,47541,1426
MAGDALENA,PIJIÑO DEL CARMEN (PIJIÑO),47545,866
MAGDALENA,PIVIJAY,47551,4833
MAGDALENA,PLATO,47555,8546
MAGDALENA,PUEBLOVIEJO,47570,1324
MAGDALENA,REMOLINO,47605,4023
MAGDALENA,SABANAS DE SAN ANGEL,47660,1038
MAGDALENA,SALAMINA,47675,4997
MAGDALENA,SAN SEBASTIAN DE BUENAVISTA,47692,2605
MAGDALENA,SAN ZENON,47703,405
MAGDALENA,SANTA ANA,47707,6176
MAGDALENA,SANTA BARBARA DE PINTO,47720,223
MAGDALENA,SITIO NUEVO,47745,7227
MAGDALENA,STA MARTA D.E.,47001,385162
MAGDALENA,TENERIFE,47798,770
MAGDALENA,ZAPAYAN,47960,263
MAGDALENA,ZONA BANANERA,47980,18714
META,* META. MUNICIPIO DESCONOCIDO,50000,2
META,ACACIAS,50006,22458
META,BARRANCA DE UPIA,50110,148
META,CABUYARO,50124,228
META,CASTILLA LA NUEVA,50150,3334
META,CUBARRAL,50223,104
META,CUMARAL,50226,1460
META,EL CALVARIO,50245,16
META,EL CASTILLO,50251,84
META,EL DORADO,50270,105
META,FUENTE DE ORO,50287,347
META,GRANADA,50313,4650
META,GUAMAL,50318,1178
META,LA MACARENA,50350,267
META,LA URIBE,50370,132
META,LEJANIAS,50400,55
META,MAPIRIPAN,50325,102
META,MESETAS,50330,271
META,PUERTO CONCORDIA,50450,224
META,PUERTO GAITAN,50568,96807
META,PUERTO LLERAS,50577,157
META,PUERTO LOPEZ,50573,1632
META,PUERTO RICO,50590,146
META,RESTREPO,50606,1450
META,SAN CARLOS DE GUAROA,50680,716
META,SAN JUAN DE ARAMA,50683,130
META,SAN JUANITO,50686,3
META,SAN MARTIN,50689,1426
META,VILLAVICENCIO,50001,256480
META,VISTAHERMOSA,50711,295
NARIÑO,* NARIÑO. MUNICIPIO DESCONOCIDO,52000,1
NARIÑO,ALBAN (SAN JOSE),52019,433
NARIÑO,ALDANA,52022,544
NARIÑO,ANCUYA,52036,252
NARIÑO,ARBOLEDA (BERRUECOS),52051,662
NARIÑO,BARBACOAS,52079,1420
NARIÑO,BELEN,52083,360
NARIÑO,BUESACO,52110,1071
NARIÑO,CHACHAGUI,52240,1425
NARIÑO,COLON (GENOVA),52203,1388
NARIÑO,CONSACA,52207,831
NARIÑO,CONTADERO,52210,277
NARIÑO,CORDOBA,52215,1418
NARIÑO,CUASPUD (CARLOSAMA),52224,232
NARIÑO,CUMBAL,52227,2104
NARIÑO,CUMBITARA,52233,981
NARIÑO,EL CHARCO,52250,1671
NARIÑO,EL PEÑOL,52254,1877
NARIÑO,EL ROSARIO,52256,303
NARIÑO,EL TABLON,52258,582
NARIÑO,EL TAMBO,52260,1583
NARIÑO,FRANCISCO PIZARRO (SALAHONDA),52520,178
NARIÑO,FUNES,52287,199
NARIÑO,GUACHUCAL,52317,745
NARIÑO,GUAITARILLA,52320,736
NARIÑO,GUALMATAN,52323,161
NARIÑO,ILES,52352,478
NARIÑO,IMUES,52354,992
NARIÑO,IPIALES,52356,22419
NARIÑO,LA CRUZ,52378,1498
NARIÑO,LA FLORIDA,52381,521
NARIÑO,LA LLANADA,52385,438
NARIÑO,LA TOLA,52390,356
NARIÑO,LA UNION,52399,5879
NARIÑO,LEIVA,52405,363
NARIÑO,LINARES,52411,1315
NARIÑO,LOS ANDES (SOTOMAYOR),52418,435
NARIÑO,MAGUI (PAYAN),52427,469
NARIÑO,MALLAMA (PIEDRANCHA),52435,475
NARIÑO,MOSQUERA,52473,151
NARIÑO,NARIÑO,52480,475
NARIÑO,OLAYA HERRERA(BOCAS DE SATINGA,52490,417
NARIÑO,OSPINA,52506,443
NARIÑO,PASTO,52001,106457
NARIÑO,POLICARPA,52540,1077
NARIÑO,POTOSI,52560,489
NARIÑO,PROVIDENCIA,52565,447
NARIÑO,PUERRES,52573,1075
NARIÑO,PUPIALES,52585,1344
NARIÑO,RICAURTE,52612,485
NARIÑO,ROBERTO PAYAN (SAN JOSE),52621,262
NARIÑO,SAMANIEGO,52678,972
NARIÑO,SAN BERNARDO,52685,485
NARIÑO,SAN LORENZO,52687,1805
NARIÑO,SAN PABLO,52693,2412
NARIÑO,SAN PEDRO DE CARTAGO,52694,761
NARIÑO,SANDONA,52683,2422
NARIÑO,SANTA BARBARA (ISCUANDE),52696,371
NARIÑO,SANTA CRUZ (GUACHAVES),52699,7
NARIÑO,SAPUYES,52720,117
NARIÑO,TAMINANGO,52786,793
NARIÑO,TANGUA,52788,2530
NARIÑO,TUMACO,52835,15154
NARIÑO,TUQUERRES,52838,4035
NARIÑO,YACUANQUER,52885,793
NORTE SANTANDER,* NORTE DE SANTANDER. MUNICIPIO DESCONOCIDO,54000,2
NORTE SANTANDER,ABREGO,54003,431
NORTE SANTANDER,ARBOLEDAS,54051,212
NORTE SANTANDER,BOCHALEMA,54099,391
NORTE SANTANDER,BUCARASICA,54109,49
NORTE SANTANDER,CACHIRA,54128,54
NORTE SANTANDER,CACOTA,54125,403
NORTE SANTANDER,CHINACOTA,54172,752
NORTE SANTANDER,CHITAGA,54174,384
NORTE SANTANDER,CONVENCION,54206,143
NORTE SANTANDER,CUCUTA,54001,222961
NORTE SANTANDER,CUCUTILLA,54223,834
NORTE SANTANDER,DURANIA,54239,154
NORTE SANTANDER,EL CARMEN,54245,162
NORTE SANTANDER,EL TARRA,54250,206
NORTE SANTANDER,EL ZULIA,54261,1464
NORTE SANTANDER,GRAMALOTE,54313,295
NORTE SANTANDER,HACARI,54344,74
NORTE SANTANDER,HERRAN,54347,811
NORTE SANTANDER,LA ESPERANZA,54385,70
NORTE SANTANDER,LA PLAYA,54398,112
NORTE SANTANDER,LABATECA,54377,281
NORTE SANTANDER,LOS PATIOS,54405,8441
NORTE SANTANDER,LOURDES,54418,60
NORTE SANTANDER,MUTISCUA,54480,115
NORTE SANTANDER,OCAÑA,54498,13801
NORTE SANTANDER,PAMPLONA,54518,10864
NORTE SANTANDER,PAMPLONITA,54520,156
NORTE SANTANDER,PUERTO SANTANDER,54553,636
NORTE SANTANDER,RAGONVALIA,54599,547
NORTE SANTANDER,SALAZAR,54660,330
NORTE SANTANDER,SAN CALIXTO,54670,131
NORTE SANTANDER,SAN CAYETANO,54673,373
NORTE SANTANDER,SANTIAGO,54680,292
NORTE SANTANDER,SARDINATA,54720,623
NORTE SANTANDER,SILOS,54743,159
NORTE SANTANDER,TEORAMA,54800,132
NORTE SANTANDER,TIBU,54810,2921
NORTE SANTANDER,TOLEDO,54820,611
NORTE SANTANDER,VILLA CARO,54871,227
NORTE SANTANDER,VILLA DEL ROSARIO,54874,8968
PUTUMAYO,COLON,86219,1352
PUTUMAYO,MOCOA,86001,15472
PUTUMAYO,ORITO,86320,2948
PUTUMAYO,PUERTO ASIS,86568,7838
PUTUMAYO,PUERTO CAICEDO,86569,166
PUTUMAYO,PUERTO GUZMAN,86571,1337
PUTUMAYO,PUERTO LEGUIZAMO,86573,274
PUTUMAYO,SAN FRANCISCO,86755,771
PUTUMAYO,SAN MIGUEL (LA DORADA),86757,1267
PUTUMAYO,SANTIAGO,86760,949
PUTUMAYO,SIBUNDOY,86749,2815
PUTUMAYO,VALLE DEL GUAMUEZ,86865,3824
PUTUMAYO,VILLAGARZON,86885,8272
QUINDIO,ARMENIA,63001,148684
QUINDIO,BUENAVISTA,63111,228
QUINDIO,CALARCA,63130,6787
QUINDIO,CIRCASIA,63190,2190
QUINDIO,CORDOBA,63212,227
QUINDIO,FILANDIA,63272,1856
QUINDIO,GENOVA,63302,639
QUINDIO,LA TEBAIDA,63401,2060
QUINDIO,MONTENEGRO,63470,4313
QUINDIO,PIJAO,63548,630
QUINDIO,QUIMBAYA,63594,2758
QUINDIO,SALENTO,63690,738
RISARALDA,* RISARALDA SIN MUNICIPIO,66000,1
RISARALDA,APIA,66045,1666
RISARALDA,BALBOA,66075,700
RISARALDA,BELEN DE UMBRIA,66088,4097
RISARALDA,DOSQUEBRADAS,66170,26825
RISARALDA,GUATICA,66318,1047
RISARALDA,LA CELIA,66383,687
RISARALDA,LA VIRGINIA,66400,6608
RISARALDA,MARSELLA,66440,812
RISARALDA,MISTRATO,66456,973
RISARALDA,PEREIRA,66001,162843
RISARALDA,PUEBLO RICO,66572,529
RISARALDA,QUINCHIA,66594,1494
RISARALDA,SANTA ROSA DE CABAL,66682,12517
RISARALDA,SANTUARIO,66687,1558
SAN ANDRES,PROVIDENCIA,88564,228
SAN ANDRES,SAN ANDRES,88001,25982
SANTANDER,* SANTANDER. MUNICIPIO DESCONOCIDO,68000,4
SANTANDER,AGUADA,68013,139
SANTANDER,ALBANIA,68020,87
SANTANDER,ARATOCA,68051,284
SANTANDER,BARBOSA,68077,1108
SANTANDER,BARICHARA,68079,410
SANTANDER,BARRANCABERMEJA,68081,178846
SANTANDER,BETULIA,68092,169
SANTANDER,BOLIVAR,68101,271
SANTANDER,BUCARAMANGA,68001,580864
SANTANDER,CABRERA,68121,218
SANTANDER,CALIFORNIA,68132,128
SANTANDER,CAPITANEJO,68147,423
SANTANDER,CARCASI,68152,228
SANTANDER,CEPITA,68160,132
SANTANDER,CERRITO,68162,507
SANTANDER,CHARALA,68167,304
SANTANDER,CHARTA,68169,265
SANTANDER,CHIMA,68176,171
SANTANDER,CHIPATA,68179,103
SANTANDER,CIMITARRA,68190,1604
SANTANDER,CONCEPCION,68207,121
SANTANDER,CONFINES,68209,58
SANTANDER,CONTRATACION,68211,303
SANTANDER,COROMORO,68217,87
SANTANDER,CURITI,68229,262
SANTANDER,EL CARMEN DE CHUCURI,68235,393
SANTANDER,EL GUACAMAYO,68245,152
SANTANDER,EL PEÑON,68250,177
SANTANDER,EL PLAYON,68255,264
SANTANDER,ENCINO,68264,29
SANTANDER,ENCISO,68266,299
SANTANDER,FLORIAN,68271,96
SANTANDER,FLORIDABLANCA,68276,138933
SANTANDER,GALAN,68296,18
SANTANDER,GAMBITA,68298,217
SANTANDER,GIRON,68307,19873
SANTANDER,GUACA,68318,374
SANTANDER,GUADALUPE,68320,154
SANTANDER,GUAPOTA,68322,98
SANTANDER,GUAVATA,68324,203
SANTANDER,GUEPSA,68327,90
SANTANDER,HATO,68344,85
SANTANDER,JESUS MARIA,68368,30
SANTANDER,JORDAN,68370,97
SANTANDER,LA BELLEZA,68377,369
SANTANDER,LA PAZ,68397,165
SANTANDER,LANDAZURI,68385,432
SANTANDER,LEBRIJA,68406,1416
SANTANDER,LOS SANTOS,68418,320
SANTANDER,MACARAVITA,68425,78
SANTANDER,MALAGA,68432,4250
SANTANDER,MATANZA,68444,252
SANTANDER,MOGOTES,68464,230
SANTANDER,MOLAGAVITA,68468,194
SANTANDER,OCAMONTE,68498,141
SANTANDER,OIBA,68500,666
SANTANDER,ONZAGA,68502,102
SANTANDER,PALMAR,68522,60
SANTANDER,PALMAS SOCORRO,68524,185
SANTANDER,PARAMO,68533,291
SANTANDER,PIEDECUESTA,68547,32237
SANTANDER,PINCHOTE,68549,325
SANTANDER,PUENTE NACIONAL,68572,489
SANTANDER,PUERTO PARRA,68573,93
SANTANDER,PUERTO WILCHES,68575,1727
SANTANDER,RIONEGRO,68615,814
SANTANDER,SABANA DE TORRES,68655,2178
SANTANDER,SAN ANDRES,68669,684
SANTANDER,SAN BENITO,68673,138
SANTANDER,SAN GIL,68679,9616
SANTANDER,SAN JOAQUIN,68682,207
SANTANDER,SAN JOSE DE MIRANDA,68684,218
SANTANDER,SAN MIGUEL,68686,113
SANTANDER,SAN VICENTE DE CHUCURI,68689,1422
SANTANDER,SANTA BARBARA,68705,132
SANTANDER,SANTA HELENA DEL OPON,68720,154
SANTANDER,SIMACOTA,68745,418
SANTANDER,SOCORRO,68755,3034
SANTANDER,SUAITA,68770,493
SANTANDER,SUCRE,68773,249
SANTANDER,SURATA,68780,142
SANTANDER,TONA,68820,197
SANTANDER,VALLE DE SAN JOSE,68855,243
SANTANDER,VELEZ,68861,2058
SANTANDER,VETAS,68867,196
SANTANDER,VILLANUEVA,68872,126
SANTANDER,ZAPATOCA,68895,147
SUCRE,* SUCRE. MUNICIPIO DESCONOCIDO,70000,2
SUCRE,BUENAVISTA,70110,2025
SUCRE,CAIMITO,70124,2518
SUCRE,CHALAN,70230,2205
SUCRE,COLOSO (RICAURTE),70204,3254
SUCRE,COROZAL,70215,12919
SUCRE,COVEÑAS,70221,2814
SUCRE,EL ROBLE,70233,678
SUCRE,GALERAS (NUEVA GRANADA),70235,4967
SUCRE,GUARANDA,70265,602
SUCRE,LA UNION,70400,2144
SUCRE,LOS PALMITOS,70418,4302
SUCRE,MAJAGUAL,70429,1117
SUCRE,MORROA,70473,4140
SUCRE,OVEJAS,70508,5312
SUCRE,PALMITO,70523,1292
SUCRE,SAMPUES,70670,8057
SUCRE,SAN BENITO ABAD,70678,1695
SUCRE,SAN JUAN DE BETULIA,70702,2236
SUCRE,SAN MARCOS,70708,6991
SUCRE,SAN ONOFRE,70713,7499
SUCRE,SAN PEDRO,70717,5208
SUCRE,SINCE,70742,4529
SUCRE,SINCELEJO,70001,234319
SUCRE,SUCRE,70771,714
SUCRE,TOLU,70820,5487
SUCRE,TOLUVIEJO,70823,4699
TOLIMA,ALPUJARRA,73024,218
TOLIMA,ALVARADO,73026,355
TOLIMA,AMBALEMA,73030,276
TOLIMA,ANZOATEGUI,73043,552
TOLIMA,ARMERO (GUAYABAL),73055,1365
TOLIMA,ATACO,73067,530
TOLIMA,CAJAMARCA,73124,2292
TOLIMA,CARMEN DE APICALA,73148,447
TOLIMA,CASABIANCA,73152,112
TOLIMA,CHAPARRAL,73168,4398
TOLIMA,COELLO,73200,377
TOLIMA,COYAIMA,73217,1624
TOLIMA,CUNDAY,73226,493
TOLIMA,DOLORES,73236,657
TOLIMA,ESPINAL,73268,16652
TOLIMA,FALAN,73270,462
TOLIMA,FLANDES,73275,1998
TOLIMA,FRESNO,73283,3125
TOLIMA,GUAMO,73319,2874
TOLIMA,HERVEO,73347,213
TOLIMA,HONDA,73349,4220
TOLIMA,IBAGUE,73001,280533
TOLIMA,ICONONZO,73352,546
TOLIMA,LERIDA,73408,1478
TOLIMA,LIBANO,73411,5319
TOLIMA,MARIQUITA,73443,4054
TOLIMA,MELGAR,73449,7950
TOLIMA,MURILLO,73461,206
TOLIMA,NATAGAIMA,73483,524
TOLIMA,ORTEGA,73504,2418
TOLIMA,PALOCABILDO,73520,428
TOLIMA,PIEDRAS,73547,472
TOLIMA,PLANADAS,73555,596
TOLIMA,PRADO,73563,528
TOLIMA,PURIFICACION,73585,1737
TOLIMA,RIOBLANCO,73616,796
TOLIMA,RONCESVALLES,73622,249
TOLIMA,ROVIRA,73624,1261
TOLIMA,SALDAÑA,73671,593
TOLIMA,SAN ANTONIO,73675,769
TOLIMA,SAN LUIS,73678,591
TOLIMA,SANTA ISABEL,73686,416
TOLIMA,SUAREZ,73770,268
TOLIMA,VALLE DE SAN JUAN,73854,201
TOLIMA,VENADILLO,73861,1015
TOLIMA,VILLAHERMOSA,73870,758
TOLIMA,VILLARICA,73873,279
VALLE DEL CAUCA,* VALLE. MUNICIPIO DESCONOCIDO,76000,43
VALLE DEL CAUCA,ALCALA,76020,515
VALLE DEL CAUCA,ANDALUCIA,76036,1734
VALLE DEL CAUCA,ANSERMANUEVO,76041,412
VALLE DEL CAUCA,ARGELIA,76054,89
VALLE DEL CAUCA,BOLIVAR,76100,133
VALLE DEL CAUCA,BUENAVENTURA,76109,26921
VALLE DEL CAUCA,BUGA,76111,25171
VALLE DEL CAUCA,BUGALAGRANDE,76113,1299
VALLE DEL CAUCA,CAICEDONIA,76122,1470
VALLE DEL CAUCA,CALI,76001,1212021
VALLE DEL CAUCA,CANDELARIA,76130,6905
VALLE DEL CAUCA,CARTAGO,76147,24013
VALLE DEL CAUCA,DAGUA,76233,3373
VALLE DEL CAUCA,DARIEN,76126,533
VALLE DEL CAUCA,EL AGUILA,76243,189
VALLE DEL CAUCA,EL CAIRO,76246,203
VALLE DEL CAUCA,EL CERRITO,76248,4339
VALLE DEL CAUCA,EL DOVIO,76250,205
VALLE DEL CAUCA,FLORIDA,76275,3824
VALLE DEL CAUCA,GINEBRA,76306,774
VALLE DEL CAUCA,GUACARI,76318,1973
VALLE DEL CAUCA,JAMUNDI,76364,14840
VALLE DEL CAUCA,LA CUMBRE,76377,285
VALLE DEL CAUCA,LA UNION,76400,2468
VALLE DEL CAUCA,LA VICTORIA,76403,748
VALLE DEL CAUCA,OBANDO,76497,443
VALLE DEL CAUCA,PALMIRA,76520,56764
VALLE DEL CAUCA,PRADERA,76563,3777
VALLE DEL CAUCA,RESTREPO,76606,458
VALLE DEL CAUCA,RIOFRIO,76616,310
VALLE DEL CAUCA,ROLDANILLO,76622,4085
VALLE DEL CAUCA,SAN PEDRO,76670,279
VALLE DEL CAUCA,SEVILLA,76736,925
VALLE DEL CAUCA,TORO,76823,145
VALLE DEL CAUCA,TRUJILLO,76828,508
VALLE DEL CAUCA,TULUA,76834,32793
VALLE DEL CAUCA,ULLOA,76845,199
VALLE DEL CAUCA,VERSALLES,76863,347
VALLE DEL CAUCA,VIJES,76869,368
VALLE DEL CAUCA,YOTOCO,76890,536
VALLE DEL CAUCA,YUMBO,76892,8952
VALLE DEL CAUCA,ZARZAL,76895,1309
VAUPES,CARURU,97161,1
VAUPES,MITU,97001,5299
VAUPES,PACOA (CD),97511,5
VAUPES,TARAIRA,97666,1
VICHADA,CUMARIBO,99773,155
VICHADA,LA PRIMAVERA,99524,24
VICHADA,PUERTO CARREÑO,99001,9340
VICHADA,SANTA ROSALIA,99624,47
